Fecha;CCAA;cod_ine;CasosAcc;IngresadosAcc;UCIAcc;FallecidosAcc;PCRDia;Ingresados;UCI;PorcenCamas;Ingresos24h;Altas24h;PorcenUCI
2020-07-31;Andalucía;01;15107;6469;805;1435
2020-07-31;Aragón;02;12685;3020;281;915
2020-07-31;Asturias;03;2516;1120;129;334
2020-07-31;Baleares;04;2545;1195;171;224
2020-07-31;Canarias;05;2631;969;187;162
2020-07-31;Cantabria;06;2469;1067;81;217
2020-07-31;Castilla La Mancha;08;18743;9512;669;3032
2020-07-31;Castilla y León;07;20310;8862;633;2798
2020-07-31;Cataluña;09;79324;29602;3007;5686
2020-07-31;Ceuta;18;166;14;4;4
2020-07-31;Comunidad Valenciana;10;13318;5927;749;1436
2020-07-31;Extremadura;11;3373;1790;142;520
2020-07-31;Galicia;12;9717;2970;339;619
2020-07-31;Madrid;13;76145;42965;3652;8453
2020-07-31;Melilla;19;132;46;3;2
2020-07-31;Murcia;14;2326;714;115;148
2020-07-31;Navarra;15;6666;2086;137;529
2020-07-31;País Vasco;16;16149;7062;582;1565
2020-07-31;La Rioja;17;4200;1490;91;366
2020-08-03;Andalucía;01;15638;6489;809;1435
2020-08-03;Aragón;02;17449;3360;300;937
2020-08-03;Asturias;03;2552;1120;130;334
2020-08-03;Baleares;04;2612;1198;171;224
2020-08-03;Canarias;05;2687;972;187;162
2020-08-03;Cantabria;06;2532;1074;82;217
2020-08-03;Castilla La Mancha;08;18843;9512;669;3034
2020-08-03;Castilla y León;07;20484;8868;633;2799
2020-08-03;Cataluña;09;80568;29638;3008;5687
2020-08-03;Ceuta;18;166;14;4;4
2020-08-03;Comunidad Valenciana;10;13840;5960;751;1437
2020-08-03;Extremadura;11;3447;1793;143;520
2020-08-03;Galicia;12;9808;2974;340;619
2020-08-03;Madrid;13;76145;42965;3652;8453
2020-08-03;Melilla;19;139;46;3;2
2020-08-03;Murcia;14;2460;721;115;148
2020-08-03;Navarra;15;6807;2092;139;529
2020-08-03;País Vasco;16;16669;7063;582;1565
2020-08-03;La Rioja;17;4208;1491;91;366
2020-08-04;Andalucía;01;15839;6502;809;1437
2020-08-04;Aragón;02;17837;3381;300;937
2020-08-04;Asturias;03;2558;1120;130;334
2020-08-04;Baleares;04;2739;1202;171;224
2020-08-04;Canarias;05;2695;972;187;162
2020-08-04;Cantabria;06;2567;1076;83;217
2020-08-04;Castilla La Mancha;08;18957;9516;672;3038
2020-08-04;Castilla y León;07;20643;8874;634;2799
2020-08-04;Cataluña;09;83079;29661;3010;5703
2020-08-04;Ceuta;18;166;14;4;4
2020-08-04;Comunidad Valenciana;10;13974;5972;753;1437
2020-08-04;Extremadura;11;3454;1794;143;520
2020-08-04;Galicia;12;9845;2980;340;619
2020-08-04;Madrid;13;77918;43012;3656;8457
2020-08-04;Melilla;19;140;46;3;2
2020-08-04;Murcia;14;2504;724;117;148
2020-08-04;Navarra;15;6936;2098;139;529
2020-08-04;País Vasco;16;16750;7070;582;1565
2020-08-04;La Rioja;17;4213;1493;91;366
2020-08-05;Andalucía;01;15992;6517;811;1437
2020-08-05;Aragón;02;18494;3408;300;937
2020-08-05;Asturias;03;2572;1120;130;334
2020-08-05;Baleares;04;2823;1204;171;224
2020-08-05;Canarias;05;2711;973;187;162
2020-08-05;Cantabria;06;2604;1077;83;217
2020-08-05;Castilla La Mancha;08;18957;9516;672;3038
2020-08-05;Castilla y León;07;20739;8882;634;2800
2020-08-05;Cataluña;09;83850;29691;3012;5703
2020-08-05;Ceuta;18;166;14;4;4
2020-08-05;Comunidad Valenciana;10;14262;5994;754;1437
2020-08-05;Extremadura;11;3475;1795;143;520
2020-08-05;Galicia;12;9873;2981;340;619
2020-08-05;Madrid;13;78531;43050;3658;8457
2020-08-05;Melilla;19;144;46;3;2
2020-08-05;Murcia;14;2603;738;117;148
2020-08-05;Navarra;15;7006;2100;139;529
2020-08-05;País Vasco;16;16750;7070;582;1565
2020-08-05;La Rioja;17;4215;1494;91;366
2020-08-06;Andalucía;01;16308;6542;811;1438
2020-08-06;Aragón;02;18870;3432;301;937
2020-08-06;Asturias;03;2606;1120;130;334
2020-08-06;Baleares;04;2934;1207;172;224
2020-08-06;Canarias;05;2743;977;187;162
2020-08-06;Cantabria;06;2623;1081;83;217
2020-08-06;Castilla La Mancha;08;19028;9505;669;3038
2020-08-06;Castilla y León;07;20922;8890;634;2800
2020-08-06;Cataluña;09;84952;29716;3014;5703
2020-08-06;Ceuta;18;166;14;4;4
2020-08-06;Comunidad Valenciana;10;14439;6002;756;1437
2020-08-06;Extremadura;11;3513;1796;143;520
2020-08-06;Galicia;12;9926;2984;340;619
2020-08-06;Madrid;13;79262;43083;3660;8457
2020-08-06;Melilla;19;148;47;3;2
2020-08-06;Murcia;14;2700;750;121;148
2020-08-06;Navarra;15;7084;2101;140;529
2020-08-06;País Vasco;16;17411;7074;582;1565
2020-08-06;La Rioja;17;4220;1494;91;366
2020-08-07;Andalucía;01;16618;6553;812;1438
2020-08-07;Aragón;02;18870;3432;301;937
2020-08-07;Asturias;03;2635;1121;130;334
2020-08-07;Baleares;04;3051;1208;173;224
2020-08-07;Canarias;05;2798;979;187;162
2020-08-07;Cantabria;06;2653;1082;83;217
2020-08-07;Castilla La Mancha;08;19109;9506;669;3038
2020-08-07;Castilla y León;07;21130;8899;635;2800
2020-08-07;Cataluña;09;85970;29739;3014;5704
2020-08-07;Ceuta;18;166;14;4;4
2020-08-07;Comunidad Valenciana;10;14908;6035;757;1437
2020-08-07;Extremadura;11;3542;1797;143;521
2020-08-07;Galicia;12;10011;2988;340;619
2020-08-07;Madrid;13;80673;43119;3665;8458
2020-08-07;Melilla;19;151;47;3;2
2020-08-07;Murcia;14;2831;758;122;148
2020-08-07;Navarra;15;7193;2105;142;529
2020-08-07;País Vasco;16;17820;7077;582;1565
2020-08-07;La Rioja;17;4233;1495;91;366
2020-08-10;Andalucía;01;17473;6581;813;1443
2020-08-10;Aragón;02;18388;2595;317;991
2020-08-10;Asturias;03;2701;1122;130;334
2020-08-10;Baleares;04;3143;1208;174;226
2020-08-10;Canarias;05;2955;989;188;164
2020-08-10;Cantabria;06;2746;1090;85;217
2020-08-10;Castilla La Mancha;08;19267;9507;670;3036
2020-08-10;Castilla y León;07;21394;8913;637;2800
2020-08-10;Cataluña;09;88572;29767;3020;5706
2020-08-10;Ceuta;18;167;15;4;4
2020-08-10;Comunidad Valenciana;10;15411;6055;757;1438
2020-08-10;Extremadura;11;3613;1800;143;521
2020-08-10;Galicia;12;10245;2997;341;621
2020-08-10;Madrid;13;83120;43162;3668;8464
2020-08-10;Melilla;19;162;49;3;2
2020-08-10;Murcia;14;2964;761;122;148
2020-08-10;Navarra;15;7524;2111;142;530
2020-08-10;País Vasco;16;18866;7084;582;1565
2020-08-10;La Rioja;17;4269;1497;91;366
2020-08-11;Andalucía;01;17758;6597;816;1443
2020-08-11;Aragón;02;18849;3616;317;991
2020-08-11;Asturias;03;2715;1123;130;334
2020-08-11;Baleares;04;3501;1216;174;225
2020-08-11;Canarias;05;3041;993;188;164
2020-08-11;Cantabria;06;2759;1093;86;219
2020-08-11;Castilla La Mancha;08;19445;9508;670;3035
2020-08-11;Castilla y León;07;21994;8930;638;2802
2020-08-11;Cataluña;09;89015;29807;3020;5706
2020-08-11;Ceuta;18;168;16;4;4
2020-08-11;Comunidad Valenciana;10;15663;6076;758;1439
2020-08-11;Extremadura;11;3626;1799;143;521
2020-08-11;Galicia;12;10284;3003;341;622
2020-08-11;Madrid;13;83606;43216;3669;8464
2020-08-11;Melilla;19;174;49;3;2
2020-08-11;Murcia;14;3039;773;122;148
2020-08-11;Navarra;15;7564;2122;144;531
2020-08-11;País Vasco;16;19110;7084;582;1565
2020-08-11;La Rioja;17;4301;1497;91;366
2020-08-12;Andalucía;01;18059;6614;818;1443
2020-08-12;Aragón;02;19418;3654;321;991
2020-08-12;Asturias;03;2733;1124;130;334
2020-08-12;Baleares;04;3780;1228;174;225
2020-08-12;Canarias;05;3107;999;189;164
2020-08-12;Cantabria;06;2824;1097;86;220
2020-08-12;Castilla La Mancha;08;19582;9508;672;3037
2020-08-12;Castilla y León;07;22169;8953;639;2804
2020-08-12;Cataluña;09;89909;29834;3022;5706
2020-08-12;Ceuta;18;168;16;4;4
2020-08-12;Comunidad Valenciana;10;15934;6109;761;1442
2020-08-12;Extremadura;11;3664;1802;143;522
2020-08-12;Galicia;12;10480;3014;342;622
2020-08-12;Madrid;13;83606;43216;3669;8464
2020-08-12;Melilla;19;180;49;3;2
2020-08-12;Murcia;14;3116;782;122;149
2020-08-12;Navarra;15;7713;2127;144;531
2020-08-12;País Vasco;16;19009;7039;582;1553
2020-08-12;La Rioja;17;4333;1497;91;366
2020-08-13;Andalucía;01;18501;6637;819;1445
2020-08-13;Aragón;02;19845;3677;321;992
2020-08-13;Asturias;03;2764;1125;130;334
2020-08-13;Baleares;04;4044;1226;175;225
2020-08-13;Canarias;05;3208;1010;190;164
2020-08-13;Cantabria;06;2869;1099;86;220
2020-08-13;Castilla La Mancha;08;19707;9510;671;3037
2020-08-13;Castilla y León;07;22391;8967;639;2804
2020-08-13;Cataluña;09;90890;29860;3024;5709
2020-08-13;Ceuta;18;169;16;4;4
2020-08-13;Comunidad Valenciana;10;16292;6123;763;1442
2020-08-13;Extremadura;11;3722;1803;143;522
2020-08-13;Galicia;12;10605;3023;342;622
2020-08-13;Madrid;13;86752;43371;3675;8471
2020-08-13;Melilla;19;183;49;3;2
2020-08-13;Murcia;14;3224;788;123;149
2020-08-13;Navarra;15;7795;2129;144;531
2020-08-13;País Vasco;16;19994;7098;583;1566
2020-08-13;La Rioja;17;4379;1498;91;366
2020-08-14;Andalucía;01;18937;6664;819;1445
2020-08-14;Aragón;02;20353;3700;321;992
2020-08-14;Asturias;03;2785;1125;130;334
2020-08-14;Baleares;04;4178;1232;175;225
2020-08-14;Canarias;05;3323;1012;190;164
2020-08-14;Cantabria;06;2930;1104;86;220
2020-08-14;Castilla La Mancha;08;19875;9510;670;3037
2020-08-14;Castilla y León;07;22670;8985;640;2804
2020-08-14;Cataluña;09;91982;29882;3026;5709
2020-08-14;Ceuta;18;171;17;4;4
2020-08-14;Comunidad Valenciana;10;16777;6146;765;1442
2020-08-14;Extremadura;11;3789;1808;143;522
2020-08-14;Galicia;12;10741;3026;342;623
2020-08-14;Madrid;13;87967;43451;3675;8481
2020-08-14;Melilla;19;188;49;3;2
2020-08-14;Murcia;14;3339;797;124;149
2020-08-14;Navarra;15;7899;2141;146;532
2020-08-14;País Vasco;16;20479;7100;583;1566
2020-08-14;La Rioja;17;4430;1498;91;366
2020-08-17;Andalucía;01;20468;6724;826;1452
2020-08-17;Aragón;02;21847;3758;324;993
2020-08-17;Asturias;03;2861;1127;130;334
2020-08-17;Baleares;04;4448;1240;178;225
2020-08-17;Canarias;05;3690;1036;194;166
2020-08-17;Cantabria;06;3119;1116;86;220
2020-08-17;Castilla La Mancha;08;20214;9508;672;3038
2020-08-17;Castilla y León;07;23132;8997;642;2808
2020-08-17;Cataluña;09;94702;29918;3028;5710
2020-08-17;Ceuta;18;183;17;4;4
2020-08-17;Comunidad Valenciana;10;17492;6196;766;1443
2020-08-17;Extremadura;11;3882;1811;143;523
2020-08-17;Galicia;12;11171;3060;347;625
2020-08-17;Madrid;13;93359;43575;3679;8488
2020-08-17;Melilla;19;204;49;3;2
2020-08-17;Murcia;14;3580;808;125;151
2020-08-17;Navarra;15;8211;2151;147;532
2020-08-17;País Vasco;16;21915;7102;583;1566
2020-08-17;La Rioja;17;4604;1502;91;366
2020-08-18;Andalucía;01;20918;6758;832;1455
2020-08-18;Aragón;02;22269;3775;324;994
2020-08-18;Asturias;03;2880;1128;130;334
2020-08-18;Baleares;04;4686;1245;179;226
2020-08-18;Canarias;05;3781;1051;196;166
2020-08-18;Cantabria;06;3138;1118;86;220
2020-08-18;Castilla La Mancha;08;20397;9508;672;3038
2020-08-18;Castilla y León;07;23720;9043;645;2808
2020-08-18;Cataluña;09;95123;29944;3028;5712
2020-08-18;Ceuta;18;192;17;4;4
2020-08-18;Comunidad Valenciana;10;17881;6243;772;1444
2020-08-18;Extremadura;11;3933;1812;143;523
2020-08-18;Galicia;12;11311;3072;348;625
2020-08-18;Madrid;13;94978;43674;3682;8503
2020-08-18;Melilla;19;204;49;3;2
2020-08-18;Murcia;14;3664;817;126;151
2020-08-18;Navarra;15;8259;2156;148;532
2020-08-18;País Vasco;16;22199;7102;583;1566
2020-08-18;La Rioja;17;4663;1503;91;367
2020-08-19;Andalucía;01;21508;6801;832;1456;4958
2020-08-19;Aragón;02;22901;3912;337;1094;1534
2020-08-19;Asturias;03;2910;1128;130;334;2128
2020-08-19;Baleares;04;4906;1251;179;227;2602
2020-08-19;Canarias;05;3925;1068;201;166;1909
2020-08-19;Cantabria;06;3191;1121;86;220;1364
2020-08-19;Castilla La Mancha;08;20615;9508;671;3038;1439
2020-08-19;Castilla y León;07;24012;9060;647;2808;3187
2020-08-19;Cataluña;09;96139;30001;3031;5718;6792
2020-08-19;Ceuta;18;195;17;4;4;75
2020-08-19;Comunidad Valenciana;10;18172;6264;773;1447;4853
2020-08-19;Extremadura;11;4019;1815;143;523;1035
2020-08-19;Galicia;12;11441;3080;348;625;2197
2020-08-19;Madrid;13;97185;43790;3691;8518;7131
2020-08-19;Melilla;19;204;52;3;2;1
2020-08-19;Murcia;14;3796;841;129;152;1375
2020-08-19;Navarra;15;8344;2162;148;532;1349
2020-08-19;País Vasco;16;22674;7103;583;1566;4691
2020-08-19;La Rioja;17;4730;1504;91;367;693
2020-08-20;Andalucía;01;22107;6825;833;1456;6150;322;40;0.022;88;40
2020-08-20;Aragón;02;23251;3923;338;1096;2693;512;60;0.134;57;46
2020-08-20;Asturias;03;2933;1128;130;334;2129;20;3;0.007;6;2
2020-08-20;Baleares;04;5100;1255;181;227;2617;159;24;0.053;32;13
2020-08-20;Canarias;05;4114;1084;202;166;1909;103;13;0.022;17;2
2020-08-20;Cantabria;06;3240;1124;87;221;1365;31;4;0.02;6;0
2020-08-20;Castilla La Mancha;08;20828;9546;672;3038;1632;122;11;0.027;20;9
2020-08-20;Castilla y León;07;24400;9088;647;2810;3331;197;11;0.039;35;16
2020-08-20;Cataluña;09;97234;30035;3035;5722;11391;978;136;0.043;107;113
2020-08-20;Ceuta;18;202;17;4;4;75;0;0;0;0;0
2020-08-20;Comunidad Valenciana;10;18647;6304;775;1446;5780;347;35;0.032;65;29
2020-08-20;Extremadura;11;4085;1821;143;523;1691;42;6;0.016;9;3
2020-08-20;Galicia;12;11638;3095;349;625;2197;86;7;0.011;16;5
2020-08-20;Madrid;13;99529;43905;3694;8526;7869;1245;126;0.095;226;133
2020-08-20;Melilla;19;217;53;3;2;1;6;0;0.034;0;0
2020-08-20;Murcia;14;3909;853;130;152;1375;68;11;0.032;8;3
2020-08-20;Navarra;15;8454;2170;148;532;1353;52;6;0.035;5;8
2020-08-20;País Vasco;16;23228;7103;583;1566;4692;333;27;0.083;57;46
2020-08-20;La Rioja;17;4790;1507;91;367;695;13;2;0.017;4;0
2020-08-21;Andalucía;01;22825;6868;835;1460;7078;315;37;0.021;63;71
2020-08-21;Aragón;02;23607;3939;338;1096;3243;540;60;0.136;70;54
2020-08-21;Asturias;03;2973;1128;130;334;2568;21;3;0.007;8;1
2020-08-21;Baleares;04;5342;1265;181;228;3224;165;25;0.056;30;21
2020-08-21;Canarias;05;4288;1099;204;167;2312;96;13;0.02;15;6
2020-08-21;Cantabria;06;3240;1124;87;221;1730;35;4;0.022;7;2
2020-08-21;Castilla La Mancha;08;21054;9542;671;3038;2461;130;10;0.029;23;15
2020-08-21;Castilla y León;07;24816;9114;649;2810;4418;210;17;0.04;41;25
2020-08-21;Cataluña;09;98462;30064;3035;5724;15018;911;121;0.042;85;168
2020-08-21;Ceuta;18;208;17;4;4;76;0;0;0;0;0
2020-08-21;Comunidad Valenciana;10;19103;6325;776;1449;7099;339;37;0.03;63;45
2020-08-21;Extremadura;11;4194;1825;144;524;1685;37;7;0.012;6;1
2020-08-21;Galicia;12;11952;3113;349;626;3286;87;7;0.011;23;15
2020-08-21;Madrid;13;102382;44028;3699;8537;10945;1297;137;0.098;217;152
2020-08-21;Melilla;19;217;53;3;2;3;7;0;0.04;1;0
2020-08-21;Murcia;14;4067;872;130;152;1836;109;22;0.036;27;12
2020-08-21;Navarra;15;8547;2178;150;532;1783;56;8;0.032;14;9
2020-08-21;País Vasco;16;23919;7108;583;1567;7154;330;30;0.091;67;61
2020-08-21;La Rioja;17;4858;1513;92;367;867;18;3;0.023;5;0
2020-08-24;Andalucía;01;24650;6926;841;1466;1250;369;42;0.024;62;25
2020-08-24;Aragón;02;24591;3974;338;1096;3510;537;64;0.137;34;26
2020-08-24;Asturias;03;3048;1129;130;335;2030;16;3;0.005;6;2
2020-08-24;Baleares;04;5694;1276;184;228;4217;228;33;0.075;40;10
2020-08-24;Canarias;05;4990;1138;210;167;3284;134;22;0.028;15;1
2020-08-24;Cantabria;06;3518;1143;88;221;1626;37;2;0.024;7;2
2020-08-24;Castilla La Mancha;08;21657;9550;671;3039;2633;177;16;0.04;24;2
2020-08-24;Castilla y León;07;25451;9143;652;2812;5116;248;18;0.047;31;9
2020-08-24;Cataluña;09;102032;30098;3039;5725;16011;1011;151;0.046;86;49
2020-08-24;Ceuta;18;220;18;4;4;67;1;0;0.006;0;0
2020-08-24;Comunidad Valenciana;10;19978;6372;777;1452;8673;403;46;0.037;68;16
2020-08-24;Extremadura;11;4409;1837;145;526;2085;40;6;0.015;4;0
2020-08-24;Galicia;12;12590;3146;354;632;4438;83;10;0.011;16;2
2020-08-24;Madrid;13;108374;44155;3705;8546;16760;1544;165;0.12;192;54
2020-08-24;Melilla;19;261;55;3;2;0;8;0;0.045;1;0
2020-08-24;Murcia;14;4468;893;130;153;2214;157;31;0.052;59;10
2020-08-24;Navarra;15;8911;2190;152;533;1695;54;9;0.033;10;3
2020-08-24;País Vasco;16;25545;7109;583;1567;6119;404;37;0.1;41;13
2020-08-24;La Rioja;17;5049;1521;92;368;869;33;3;0.046;9;0
2020-08-25;Andalucía;01;25176;6984;846;1471;7225;403;43;0.026;70;33
2020-08-25;Aragón;02;24752;3984;338;1096;1414;523;68;0.131;60;57
2020-08-25;Asturias;03;3100;1131;130;335;1582;19;2;0.006;6;2
2020-08-25;Baleares;04;6603;1311;191;229;2996;238;35;0.086;41;20
2020-08-25;Canarias;05;5225;1153;213;168;2743;151;23;0.031;28;13
2020-08-25;Cantabria;06;3569;1148;89;221;1139;40;1;0.026;10;5
2020-08-25;Castilla La Mancha;08;21980;9552;673;3040;2333;187;23;0.043;35;25
2020-08-25;Castilla y León;07;26020;9170;654;2815;3250;257;19;0.051;51;60
2020-08-25;Cataluña;09;102817;30123;3042;5727;7458;1040;155;0.046;115;124
2020-08-25;Ceuta;18;230;18;4;4;40;1;0;0.006;0;0
2020-08-25;Comunidad Valenciana;10;20748;6414;782;1454;6371;386;49;0.036;76;52
2020-08-25;Extremadura;11;4465;1839;145;526;1247;49;5;0.016;7;3
2020-08-25;Galicia;12;12755;3160;355;632;3428;105;12;0.013;30;6
2020-08-25;Madrid;13;110300;44339;3713;8580;11889;1688;175;0.128;285;205
2020-08-25;Melilla;19;272;55;3;2;11;7;1;0.04;1;2
2020-08-25;Murcia;14;4627;913;133;154;2241;107;16;0.05;25;15
2020-08-25;Navarra;15;9003;2195;152;533;1701;52;9;0.03;5;11
2020-08-25;País Vasco;16;25795;7116;583;1568;6531;400;39;0.097;53;63
2020-08-25;La Rioja;17;5116;1524;92;369;843;35;2;0.046;5;3
2020-08-26;Andalucía;01;26017;7033;848;1475;5929;451;52;0.028;97;40
2020-08-26;Aragón;02;25077;3993;338;1096;650;523;66;0.131;54;39
2020-08-26;Asturias;03;3149;1133;130;335;1023;23;2;0.007;8;1
2020-08-26;Baleares;04;6939;1329;198;231;1900;264;37;0.087;40;23
2020-08-26;Canarias;05;5516;1170;217;169;1495;153;27;0.032;34;14
2020-08-26;Cantabria;06;3651;1153;89;221;899;43;0;0.028;12;2
2020-08-26;Castilla La Mancha;08;22342;9559;674;3041;1282;198;24;0.045;34;20
2020-08-26;Castilla y León;07;26478;9210;659;2817;3303;268;24;0.054;53;29
2020-08-26;Cataluña;09;104084;30154;3044;5740;4587;1023;156;0.045;112;112
2020-08-26;Ceuta;18;241;18;4;4;33;1;0;0.006;0;0
2020-08-26;Comunidad Valenciana;10;20748;6414;782;1454;3494;409;47;0.037;76;40
2020-08-26;Extremadura;11;4566;1842;147;526;1022;38;6;0.015;5;2
2020-08-26;Galicia;12;13081;3179;357;633;2773;104;10;0.015;19;8
2020-08-26;Madrid;13;112514;44526;3717;8592;8269;1793;178;0.136;289;196
2020-08-26;Melilla;19;285;56;4;2;2;4;1;0.023;0;0
2020-08-26;Murcia;14;4875;930;134;155;1764;115;17;0.054;25;15
2020-08-26;Navarra;15;9123;2203;154;533;1168;58;10;0.034;14;5
2020-08-26;País Vasco;16;25955;7122;584;1578;4185;401;38;0.101;46;42
2020-08-26;La Rioja;17;5208;1525;92;369;654;34;2;0.044;4;5
2020-08-27;Andalucía;01;26829;7094;855;1476;5573;505;62;0.03;119;47
2020-08-27;Aragón;02;25373;4003;338;1096;3111;513;63;0.13;49;51
2020-08-27;Asturias;03;3185;1135;130;335;2123;23;2;0.01;11;2
2020-08-27;Baleares;04;7465;1350;199;231;2727;258;40;0.09;33;34
2020-08-27;Canarias;05;5851;1188;221;171;2668;164;29;0.03;26;13
2020-08-27;Cantabria;06;3740;1155;89;221;1178;41;1;0.03;11;1
2020-08-27;Castilla La Mancha;08;22686;9563;674;3041;2108;202;28;0.05;29;24
2020-08-27;Castilla y León;07;26973;9247;660;2821;4299;300;26;0.06;49;25
2020-08-27;Cataluña;09;105429;30181;3045;5741;15875;1039;147;0.04;117;108
2020-08-27;Ceuta;18;246;18;4;4;45;1;0;0.01;0;0
2020-08-27;Comunidad Valenciana;10;22004;6520;794;1461;6769;407;51;0.04;73;49
2020-08-27;Extremadura;11;4642;1850;150;526;2484;42;10;0.02;3;4
2020-08-27;Galicia;12;13448;3191;357;634;2757;120;12;0.01;19;5
2020-08-27;Madrid;13;115159;44629;3718;8600;9122;1808;176;0.13;258;201
2020-08-27;Melilla;19;293;56;4;2;2;3;1;0.02;0;1
2020-08-27;Murcia;14;5085;953;137;155;1532;108;17;0.05;8;17
2020-08-27;Navarra;15;9203;2205;154;533;1551;61;9;0.04;11;5
2020-08-27;País Vasco;16;26597;7124;585;1579;5178;402;38;0.1;55;53
2020-08-27;La Rioja;17;5299;1526;92;369;685;39;3;0.05;9;4
2020-08-28;Andalucía;01;27734;7152;862;1480;7946;524;68;0.03;105;65
2020-08-28;Aragón;02;25562;4008;338;1096;2651;510;62;0.13;66;56
2020-08-28;Asturias;03;3221;1137;130;335;1959;15;1;0.01;6;2
2020-08-28;Baleares;04;7648;1361;205;233;3523;270;42;0.09;35;20
2020-08-28;Canarias;05;6126;1214;225;172;3192;96;16;0.02;13;6
2020-08-28;Cantabria;06;3832;1160;89;221;2234;35;2;0.02;7;5
2020-08-28;Castilla La Mancha;08;23028;9572;675;3042;2943;214;27;0.05;27;12
2020-08-28;Castilla y León;07;27430;9284;661;2822;5447;313;28;0.06;64;43
2020-08-28;Cataluña;09;106811;30217;3046;5741;17744;1043;151;0.04;129;102
2020-08-28;Ceuta;18;249;18;4;4;38;2;0;0.01;1;0
2020-08-28;Comunidad Valenciana;10;22695;6552;799;1462;7611;411;54;0.04;62;49
2020-08-28;Extremadura;11;4698;1850;149;526;2069;41;8;0.02;5;1
2020-08-28;Galicia;12;13655;3208;357;634;4964;137;13;0.02;18;5
2020-08-28;Madrid;13;118600;44780;3723;8604;12140;1916;200;0.14;290;229
2020-08-28;Melilla;19;300;57;4;2;3;4;1;0.02;1;0
2020-08-28;Murcia;14;5455;982;143;156;2667;172;26;0.06;40;23
2020-08-28;Navarra;15;9537;2222;154;533;1611;61;9;0.04;9;9
2020-08-28;País Vasco;16;27334;7124;585;1579;7490;419;40;0.1;73;57
2020-08-28;La Rioja;17;5371;1530;96;369;800;41;3;0.05;7;5
2020-08-31;Andalucía;01;29808;7247;872;1493;890;576;83;0.04;85;40
2020-08-31;Aragón;02;25756;4021;339;1096;2095;522;69;0.13;37;10
2020-08-31;Asturias;03;3322;1145;131;335;1929;55;4;0.02;11;1
2020-08-31;Baleares;04;8164;1391;206;234;3667;309;52;0.11;38;18
2020-08-31;Canarias;05;7068;1273;229;174;3514;232;33;0.05;23;12
2020-08-31;Cantabria;06;4137;1174;89;221;1711;39;3;0.03;7;0
2020-08-31;Castilla La Mancha;08;23810;9591;676;3043;3411;277;30;0.07;34;13
2020-08-31;Castilla y León;07;28797;9358;668;2830;6369;329;31;0.07;35;10
2020-08-31;Cataluña;09;110017;30245;3052;5741;15249;1076;160;0.05;77;43
2020-08-31;Ceuta;18;275;23;4;5;46;4;0;0.02;1;0
2020-08-31;Comunidad Valenciana;10;24096;6619;801;1465;--;464;52;0.04;81;27
2020-08-31;Extremadura;11;5033;1872;153;527;2284;48;13;0.02;11;1
2020-08-31;Galicia;12;14513;3274;364;641;5135;132;13;0.02;17;7
2020-08-31;Madrid;13;126057;44974;3734;8648;15223;2128;218;0.16;221;99
2020-08-31;Melilla;19;345;60;4;2;3;8;1;0.05;4;0
2020-08-31;Murcia;14;6194;1028;149;156;2720;158;25;0.08;24;2
2020-08-31;Navarra;15;9977;2250;157;534;1996;75;9;0.04;11;5
2020-08-31;País Vasco;16;29763;7125;585;1579;9311;475;45;0.11;27;11
2020-08-31;La Rioja;17;5726;1561;99;370;961;50;5;0.07;6;2
2020-09-01;Andalucía;01;30767;7321;881;1500;8053;628;82;0.04;122;76
2020-09-01;Aragón;02;26641;4059;339;1096;1346;339;43;0.14;32;28
2020-09-01;Asturias;03;3354;1146;131;335;1805;36;3;0.01;10;4
2020-09-01;Baleares;04;8337;1398;207;238;2665;319;51;0.11;36;30
2020-09-01;Canarias;05;7302;1294;233;174;3289;211;38;0.04;28;20
2020-09-01;Cantabria;06;4199;1176;90;221;947;40;6;0.03;12;6
2020-09-01;Castilla La Mancha;08;24157;9599;676;3043;2943;261;29;0.07;24;15
2020-09-01;Castilla y León;07;29248;9409;672;2841;4512;350;34;0.07;51;46
2020-09-01;Cataluña;09;110667;30266;3054;5749;5627;1089;152;0.05;103;129
2020-09-01;Ceuta;18;290;23;4;5;52;4;0;0.03;0;0
2020-09-01;Comunidad Valenciana;10;25006;6676;806;1473;6495;480;53;0.04;77;55
2020-09-01;Extremadura;11;5158;1875;153;527;1359;55;12;0.02;4;0
2020-09-01;Galicia;12;14663;3302;366;644;4132;153;13;0.02;28;11
2020-09-01;Madrid;13;128178;45074;3736;8662;13879;2029;211;0.15;247;250
2020-09-01;Melilla;19;355;61;4;2;0;6;1;0.03;0;2
2020-09-01;Murcia;14;6536;1067;154;156;2159;219;37;0.07;45;36
2020-09-01;Navarra;15;10135;2256;157;535;1786;76;8;0.05;5;6
2020-09-01;País Vasco;16;30194;7125;585;1579;6721;463;44;0.12;57;73
2020-09-01;La Rioja;17;5786;1566;97;372;1209;49;6;0.06;7;8
2020-09-02;Andalucía;01;31651;7391;884;1506;6219;644;84;0.04;126;61
2020-09-02;Aragón;02;26865;4075;340;1096;775;492;67;0.12;47;57
2020-09-02;Asturias;03;3384;1156;133;335;1329;42;4;0.01;10;3
2020-09-02;Baleares;04;8663;1405;207;238;1383;314;56;0.11;35;37
2020-09-02;Canarias;05;7566;1318;237;175;3167;199;41;0.04;26;23
2020-09-02;Cantabria;06;4313;1182;90;224;850;52;6;0.04;16;3
2020-09-02;Castilla La Mancha;08;24664;9615;676;3046;1551;299;41;0.07;39;26
2020-09-02;Castilla y León;07;29689;9445;677;2842;2885;346;33;0.07;54;40
2020-09-02;Cataluña;09;112230;30311;3056;5757;4259;1076;157;0.05;125;102
2020-09-02;Ceuta;18;299;23;4;5;33;4;0;0.03;0;0
2020-09-02;Comunidad Valenciana;10;25461;6719;807;1473;4427;464;53;0.04;70;40
2020-09-02;Extremadura;11;5273;1880;154;529;1281;52;12;0.02;8;3
2020-09-02;Galicia;12;14916;3322;366;645;4111;119;11;0.02;32;4
2020-09-02;Madrid;13;130579;45220;3744;8676;12029;2104;216;0.15;285;264
2020-09-02;Melilla;19;372;61;5;2;32;6;2;0.03;1;1
2020-09-02;Murcia;14;6755;1086;157;157;2786;152;27;0.07;27;9
2020-09-02;Navarra;15;10269;2265;158;536;1380;49;10;0.03;9;6
2020-09-02;País Vasco;16;30729;7126;586;1579;5478;460;48;0.11;88;73
2020-09-02;La Rioja;17;5876;1574;99;373;1332;50;6;0.07;9;8
2020-09-03;Andalucía;01;32673;7445;889;1509;8780;712;95;0.04;149;83
2020-09-03;Aragón;02;27105;4088;341;1096;2547;475;66;0.12;52;58
2020-09-03;Asturias;03;3453;1158;133;335;1925;50;4;0.02;11;1
2020-09-03;Baleares;04;8961;1423;207;242;1691;331;56;0.11;44;25
2020-09-03;Canarias;05;7927;1344;240;178;2575;211;45;0.04;33;20
2020-09-03;Cantabria;06;4415;1187;90;224;1604;45;5;0.03;8;8
2020-09-03;Castilla La Mancha;08;25192;9622;677;3048;2499;329;49;0.07;53;21
2020-09-03;Castilla y León;07;30040;9475;680;2846;4850;321;36;0.06;33;42
2020-09-03;Cataluña;09;113569;30339;3056;5758;13787;1068;147;0.05;110;117
2020-09-03;Ceuta;18;303;23;4;5;80;4;0;0.03;0;0
2020-09-03;Comunidad Valenciana;10;25996;6761;812;1475;7361;477;59;0.04;71;51
2020-09-03;Extremadura;11;5411;1883;154;529;2180;57;13;0.02;7;4
2020-09-03;Galicia;12;15051;3349;370;649;3581;197;18;0.02;40;22
2020-09-03;Madrid;13;133656;45338;3750;8692;12407;2162;230;0.16;306;250
2020-09-03;Melilla;19;394;61;5;2;34;7;2;0.04;1;0
2020-09-03;Murcia;14;6755;1086;156;157;2638;217;46;0.07;60;36
2020-09-03;Navarra;15;10380;2274;159;536;1404;80;9;0.05;15;16
2020-09-03;País Vasco;16;31294;7129;586;1580;6307;394;43;0.11;67;55
2020-09-03;La Rioja;17;5938;1592;100;373;1331;57;7;0.07;7;1
2020-09-04;Andalucía;01;33687;7516;895;1516;9361;741;105;0.05;141;86
2020-09-04;Aragón;02;27493;4440;376;1212;2526;463;67;0.12;43;49
2020-09-04;Asturias;03;3498;1163;133;335;2580;47;5;0.01;12;5
2020-09-04;Baleares;04;9191;1431;208;243;3082;316;57;0.11;35;33
2020-09-04;Canarias;05;8302;1369;247;179;3353;210;49;0.05;36;23
2020-09-04;Cantabria;06;4561;1189;90;225;1283;40;5;0.03;6;1
2020-09-04;Castilla La Mancha;08;25737;9626;677;3048;3350;362;43;0.08;64;27
2020-09-04;Castilla y León;07;30531;9501;681;2856;6277;335;39;0.06;57;36
2020-09-04;Cataluña;09;114987;30368;3057;5761;15366;1051;147;0.04;93;114
2020-09-04;Ceuta;18;308;24;4;5;77;5;0;0.03;1;0
2020-09-04;Comunidad Valenciana;10;26710;6800;815;1478;9856;490;64;0.04;84;57
2020-09-04;Extremadura;11;5583;1887;156;530;3141;55;13;0.02;11;3
2020-09-04;Galicia;12;15480;3380;371;652;5001;208;17;0.03;40;21
2020-09-04;Madrid;13;136901;45451;3752;8728;15269;2206;243;0.15;311;277
2020-09-04;Melilla;19;413;63;5;3;121;6;2;0.03;2;2
2020-09-04;Murcia;14;7017;1112;158;157;2978;240;48;0.07;47;31
2020-09-04;Navarra;15;10547;2280;160;536;1608;87;11;0.05;18;12
2020-09-04;País Vasco;16;32006;7129;586;1580;8113;474;54;0.11;64;69
2020-09-04;La Rioja;17;6037;1593;100;374;1455;56;7;0.07;5;6
2020-09-07;Andalucía;01;36083;7719;909;1537;10511;800;120;0.05;113;41
2020-09-07;Aragón;02;28410;4480;376;1212;2328;482;66;0.12;44;13
2020-09-07;Asturias;03;3698;1177;135;337;2804;51;7;0.02;11;3
2020-09-07;Baleares;04;9501;1437;208;245;3675;351;56;0.13;26;13
2020-09-07;Canarias;05;9184;1433;263;185;177;249;47;0.05;22;11
2020-09-07;Cantabria;06;4856;1201;90;226;1608;54;9;0.04;8;1
2020-09-07;Castilla La Mancha;08;26820;9633;677;3051;4024;416;44;0.09;59;8
2020-09-07;Castilla y León;07;31987;9576;685;2863;7116;382;40;0.08;45;15
2020-09-07;Cataluña;09;118233;30409;3060;5769;14037;1009;148;0.05;90;55
2020-09-07;Ceuta;18;335;26;5;5;67;9;1;0.06;2;0
2020-09-07;Comunidad Valenciana;10;27842;6885;830;1485;9059;492;74;0.05;63;28
2020-09-07;Extremadura;11;6031;1903;159;533;2514;66;11;0.02;7;72
2020-09-07;Galicia;12;16050;3433;377;660;4773;205;18;0.03;25;17
2020-09-07;Madrid;13;146341;45624;3758;8748;19372;2477;274;0.18;221;81
2020-09-07;Melilla;19;460;64;5;3;86;10;2;0.06;3;0
2020-09-07;Murcia;14;8575;1228;178;160;2990;212;47;0.08;32;17
2020-09-07;Navarra;15;11100;2325;163;540;2275;99;8;0.06;8;2
2020-09-07;País Vasco;16;33789;7132;586;1580;9000;459;52;0.12;40;21
2020-09-07;La Rioja;17;6254;1603;102;377;1758;69;10;0.09;5;1
2020-09-08;Andalucía;01;37123;7800;914;1545;8349;796;120;0.05;132;79
2020-09-08;Aragón;02;28625;4494;376;1212;1232;473;67;0.12;52;54
2020-09-08;Asturias;03;3714;1178;135;338;2357;44;7;0.02;3;4
2020-09-08;Baleares;04;9809;1467;211;249;1756;356;54;0.13;33;29
2020-09-08;Canarias;05;9380;1461;270;187;3551;253;54;0.05;31;19
2020-09-08;Cantabria;06;4936;1205;90;227;856;51;9;0.04;11;7
2020-09-08;Castilla La Mancha;08;27360;9643;679;3053;2420;325;37;0.09;40;41
2020-09-08;Castilla y León;07;32573;9619;689;2872;6263;333;38;0.07;49;42
2020-09-08;Cataluña;09;118974;30445;3061;5770;6857;1180;149;0.05;102;118
2020-09-08;Ceuta;18;340;26;5;6;45;7;1;0.04;0;2
2020-09-08;Comunidad Valenciana;10;28513;6949;835;1494;6162;540;80;0.05;78;44
2020-09-08;Extremadura;11;6091;1910;159;533;1390;65;8;0.02;6;2
2020-09-08;Galicia;12;16393;3453;381;662;4380;220;23;0.03;27;27
2020-09-08;Madrid;13;149262;45773;3765;8780;14534;2508;288;0.18;294;330
2020-09-08;Melilla;19;473;69;5;3;--;nd;nd;--;nd;nd
2020-09-08;Murcia;14;9034;1281;188;162;3004;203;39;0.08;42;29
2020-09-08;Navarra;15;11386;2338;164;540;1961;104;7;0.06;1;15
2020-09-08;País Vasco;16;34175;7135;586;1582;6599;445;60;0.11;45;92
2020-09-08;La Rioja;17;6352;1617;102;379;1216;69;10;0.09;9;10
2020-09-09;Andalucía;01;37909;7865;916;1550;5988;895;134;0.05;127;69
2020-09-09;Aragón;02;28914;4509;376;1212;1279;487;68;0.12;50;43
2020-09-09;Asturias;03;3758;1180;135;338;1865;55;8;0.02;17;3
2020-09-09;Baleares;04;10135;1482;211;250;1970;352;52;0.13;29;32
2020-09-09;Canarias;05;9602;1474;276;189;2201;256;58;0.05;32;20
2020-09-09;Cantabria;06;5049;1206;90;227;795;48;9;0.03;5;10
2020-09-09;Castilla La Mancha;08;27807;9639;677;3052;1626;437;47;0.1;52;28
2020-09-09;Castilla y León;07;32922;9666;692;2873;3799;430;45;0.07;51;27
2020-09-09;Cataluña;09;119839;30496;3063;5773;3464;1122;151;0.05;111;124
2020-09-09;Ceuta;18;362;26;5;6;14;9;1;0.06;2;1
2020-09-09;Comunidad Valenciana;10;29253;7010;849;1501;4280;537;78;0.05;65;53
2020-09-09;Extremadura;11;6246;1920;160;538;960;76;12;0.02;11;4
2020-09-09;Galicia;12;16659;3476;383;663;3370;219;22;0.03;36;27
2020-09-09;Madrid;13;152185;45907;3772;8782;11680;2506;299;0.17;343;321
2020-09-09;Melilla;19;505;69;5;3;62;11;2;0.06;1;1
2020-09-09;Murcia;14;9419;1356;196;164;2157;300;65;0.09;68;28
2020-09-09;Navarra;15;11582;2355;164;540;2558;106;8;0.06;19;16
2020-09-09;País Vasco;16;34852;7141;586;1587;5513;477;62;0.11;79;74
2020-09-09;La Rioja;17;6381;1633;104;380;1243;75;10;0.1;9;3
2020-09-10;Andalucía;01;38884;7960;926;1566;7728;928;138;0.06;161;112
2020-09-10;Aragón;02;29288;4528;377;1212;2600;473;66;0.12;53;58
2020-09-10;Asturias;03;3781;1187;135;338;1542;55;9;0.02;11;3
2020-09-10;Baleares;04;10412;1494;212;253;2223;339;53;0.12;25;30
2020-09-10;Canarias;05;9861;1490;278;189;2398;257;60;0.05;21;17
2020-09-10;Cantabria;06;5221;1206;90;227;1669;59;9;0.04;21;4
2020-09-10;Castilla La Mancha;08;28433;9649;677;3052;2947;456;52;0.1;58;33
2020-09-10;Castilla y León;07;33514;9696;693;2878;4974;337;41;0.06;45;30
2020-09-10;Cataluña;09;121054;30526;3064;5773;13900;1128;151;0.05;112;114
2020-09-10;Ceuta;18;362;26;5;7;83;7;1;0.05;1;2
2020-09-10;Comunidad Valenciana;10;29907;7059;851;1501;7559;533;79;0.05;75;48
2020-09-10;Extremadura;11;6421;1925;161;538;2138;84;15;0.02;11;7
2020-09-10;Galicia;12;16937;3510;387;670;3231;230;25;0.03;44;23
2020-09-10;Madrid;13;156026;46053;3778;8817;12462;2563;304;0.18;328;348
2020-09-10;Melilla;19;549;70;5;3;58;14;1;0.08;5;2
2020-09-10;Murcia;14;10026;1394;207;167;2098;258;54;0.09;61;38
2020-09-10;Navarra;15;11582;2355;164;540;2741;109;7;0.06;15;15
2020-09-10;País Vasco;16;35413;7146;586;1587;6007;503;60;0.12;88;72
2020-09-10;La Rioja;17;6472;1643;104;381;1027;68;11;0.09;6;13
2020-09-11;Andalucía;01;40125;8037;931;1573;10160;959;135;0.06;149;87
2020-09-11;Aragón;02;29665;4536;378;1212;2743;459;60;0.11;50;49
2020-09-11;Asturias;03;3828;1188;135;338;2381;64;9;0.02;15;2
2020-09-11;Baleares;04;10729;1516;212;258;2551;346;65;0.12;27;27
2020-09-11;Canarias;05;10133;1520;286;189;2682;247;59;0.05;25;31
2020-09-11;Cantabria;06;5372;1212;90;227;1773;65;6;0.04;8;3
2020-09-11;Castilla La Mancha;08;29130;9662;677;3052;2660;468;53;0.1;55;44
2020-09-11;Castilla y León;07;34087;9736;694;2883;6006;430;48;0.07;61;33
2020-09-11;Cataluña;09;122320;30557;3068;5780;17185;1116;151;0.05;111;128
2020-09-11;Ceuta;18;376;26;5;7;--;8;1;0.05;2;1
2020-09-11;Comunidad Valenciana;10;30866;7129;859;1515;9732;539;82;0.05;75;66
2020-09-11;Extremadura;11;6643;1938;160;538;1720;102;15;0.03;19;4
2020-09-11;Galicia;12;17179;3538;387;674;5082;239;26;0.03;44;21
2020-09-11;Madrid;13;160221;46155;3781;8818;15633;2594;322;0.18;331;300
2020-09-11;Melilla;19;577;74;5;3;94;14;2;0.08;2;1
2020-09-11;Murcia;14;10220;1411;211;169;3009;318;64;0.09;54;35
2020-09-11;Navarra;15;12232;2391;165;542;2190;109;7;0.06;20;20
2020-09-11;País Vasco;16;36095;7146;579;1587;8921;513;65;0.11;71;62
2020-09-11;La Rioja;17;6528;1650;104;382;1435;68;11;0.09;5;5
2020-09-14;Andalucía;01;42637;8184;941;1593;9512;1068;133;0.07;125;64
2020-09-14;Aragón;02;30947;4576;378;1212;-;465;60;0.12;37;19
2020-09-14;Asturias;03;4043;1198;140;339;3017;58;10;0.02;10;0
2020-09-14;Baleares;04;11002;1537;212;259;3057;347;63;0.12;30;8
2020-09-14;Canarias;05;10859;1582;298;194;3291;260;56;0.05;16;10
2020-09-14;Cantabria;06;5720;1230;91;227;1621;79;12;0.05;14;4
2020-09-14;Castilla La Mancha;08;31277;9695;679;3057;3985;518;59;0.12;64;15
2020-09-14;Castilla y León;07;36184;9846;703;2900;7425;498;51;0.09;62;14
2020-09-14;Cataluña;09;123393;30559;3068;5780;6017;1182;159;0.05;91;49
2020-09-14;Ceuta;18;413;27;5;8;63;7;0;0.04;0;0
2020-09-14;Comunidad Valenciana;10;31699;7186;863;1517;7991;502;71;0.05;55;14
2020-09-14;Extremadura;11;7041;1962;164;538;2681;132;17;0.04;17;1
2020-09-14;Galicia;12;17877;3607;392;687;5023;216;26;0.03;23;9
2020-09-14;Madrid;13;171085;46297;3786;8843;19606;2748;301;0.21;284;92
2020-09-14;Melilla;19;640;76;6;3;0;16;4;0.09;5;2
2020-09-14;Murcia;14;11356;1498;223;173;3314;242;51;0.1;26;16
2020-09-14;Navarra;15;13104;2432;170;547;2720;121;8;0.07;12;8
2020-09-14;País Vasco;16;37546;7149;579;1587;9078;502;63;0.12;29;20
2020-09-14;La Rioja;17;6907;1682;105;384;1563;83;13;0.11;8;1
2020-09-15;Andalucía;01;43678;8307;955;1614;9720;1091;142;0.07;176;127
2020-09-15;Aragón;02;31172;4589;378;1212;1271;481;60;0.12;56;40
2020-09-15;Asturias;03;4095;1201;141;340;2313;59;11;0.02;9;6
2020-09-15;Baleares;04;11278;1560;215;264;2412;341;64;0.12;24;32
2020-09-15;Canarias;05;10969;1595;301;200;2970;259;54;0.05;16;23
2020-09-15;Cantabria;06;5798;1253;97;227;1307;79;9;0.05;5;6
2020-09-15;Castilla La Mancha;08;32260;9721;680;3058;3179;555;61;0.12;59;43
2020-09-15;Castilla y León;07;36832;9902;707;2912;5253;550;68;0.09;89;56
2020-09-15;Cataluña;09;123393;30559;3068;5780;6066;1216;159;0.05;105;138
2020-09-15;Ceuta;18;416;26;5;8;44;5;0;0.03;0;2
2020-09-15;Comunidad Valenciana;10;32603;7261;868;1521;6984;566;72;0.05;83;64
2020-09-15;Extremadura;11;7260;1990;167;538;1772;127;19;0.04;15;10
2020-09-15;Galicia;12;18077;3631;395;692;4335;259;29;0.03;28;19
2020-09-15;Madrid;13;174680;46485;3793;8925;19161;3095;359;0.21;380;294
2020-09-15;Melilla;19;655;77;7;4;152;14;4;0.08;1;3
2020-09-15;Murcia;14;11733;1541;227;178;3038;314;66;0.09;61;45
2020-09-15;Navarra;15;13407;2446;172;548;2354;126;12;0.07;32;25
2020-09-15;País Vasco;16;37883;7161;586;1596;6954;533;67;0.12;78;92
2020-09-15;La Rioja;17;6978;1694;106;387;1243;82;17;0.11;12;10
2020-09-16;Andalucía;01;44607;8423;960;1631;6025;1088;139;0.07;158;116
2020-09-16;Aragón;02;31467;4601;379;1212;980;469;62;0.12;68;59
2020-09-16;Asturias;03;4167;1205;141;340;1701;53;11;0.02;6;8
2020-09-16;Baleares;04;11452;1591;220;268;1034;336;67;0.11;25;36
2020-09-16;Canarias;05;11161;1612;306;205;2197;247;54;0.05;17;24
2020-09-16;Cantabria;06;5883;1261;97;228;1288;76;8;0.05;15;2
2020-09-16;Castilla La Mancha;08;33236;9728;680;3059;1832;573;66;0.13;76;65
2020-09-16;Castilla y León;07;37123;9931;711;2920;3113;536;57;0.09;69;74
2020-09-16;Cataluña;09;126234;30650;3073;5787;4039;1235;156;0.05;141;143
2020-09-16;Ceuta;18;427;26;5;9;25;5;1;0.03;1;0
2020-09-16;Comunidad Valenciana;10;33150;7319;870;1531;4013;527;73;0.05;61;61
2020-09-16;Extremadura;11;7618;2004;168;540;1313;138;19;0.04;18;11
2020-09-16;Galicia;12;18252;3646;396;695;3138;244;27;0.03;26;19
2020-09-16;Madrid;13;178118;46623;3795;8955;11741;3207;377;0.22;470;354
2020-09-16;Melilla;19;657;77;8;4;81;14;4;0.08;2;2
2020-09-16;Murcia;14;11733;1541;227;178;2694;306;66;0.09;48;42
2020-09-16;Navarra;15;13709;2471;173;549;1894;132;13;0.07;22;16
2020-09-16;País Vasco;16;38324;7194;589;1745;5314;542;64;0.12;80;81
2020-09-16;La Rioja;17;7042;1700;106;387;872;82;17;0.11;12;10
2020-09-17;Andalucía;01;45989;8562;966;1656;8655;1082;144;0.07;153;135
2020-09-17;Aragón;02;31838;4863;396;1302;3044;466;62;0.12;55;45
2020-09-17;Asturias;03;4247;1209;142;341;2285;53;10;0.02;11;8
2020-09-17;Baleares;04;11737;1614;223;269;2432;323;63;0.11;19;33
2020-09-17;Canarias;05;11310;1634;308;207;2432;249;57;0.05;24;17
2020-09-17;Cantabria;06;6005;1262;97;228;1808;73;11;0.05;13;6
2020-09-17;Castilla La Mancha;08;33956;9752;680;3062;2892;586;73;0.13;69;46
2020-09-17;Castilla y León;07;37997;9986;714;2925;4879;555;58;0.09;92;55
2020-09-17;Cataluña;09;127544;30719;3078;5796;14728;1282;152;0.05;115;134
2020-09-17;Ceuta;18;430;27;6;9;77;6;1;0.04;1;0
2020-09-17;Comunidad Valenciana;10;33831;7387;877;1534;7123;528;74;0.05;69;54
2020-09-17;Extremadura;11;7883;2019;167;540;2977;139;21;0.04;18;11
2020-09-17;Galicia;12;18487;3679;398;698;3628;255;30;0.03;48;10
2020-09-17;Madrid;13;181959;46510;3777;8970;14743;3323;409;0.21;439;324
2020-09-17;Melilla;19;660;77;8;4;6;14;4;0.08;2;2
2020-09-17;Murcia;14;11733;1541;227;178;3348;312;58;0.09;64;38
2020-09-17;Navarra;15;13936;2490;177;550;2539;133;18;0.07;26;24
2020-09-17;País Vasco;16;38896;7203;589;1745;5803;540;65;0.12;88;87
2020-09-17;La Rioja;17;7213;1718;107;391;655;84;21;0.11;11;7
2020-09-18;Andalucía;01;47612;8656;981;1662;13181;1087;149;0.07;160;137
2020-09-18;Aragón;02;32266;4877;396;1302;2981;470;62;0.12;53;44
2020-09-18;Asturias;03;4340;1219;143;341;3301;50;12;0.02;12;8
2020-09-18;Baleares;04;12059;1633;223;270;3609;302;59;0.11;31;20
2020-09-18;Canarias;05;11479;1659;311;209;2996;241;58;0.05;17;26
2020-09-18;Cantabria;06;6058;1266;98;231;1687;72;10;0.05;9;11
2020-09-18;Castilla La Mancha;08;34835;9772;680;3065;3522;586;78;0.13;69;62
2020-09-18;Castilla y León;07;38872;10070;719;2931;7423;588;56;0.1;108;49
2020-09-18;Cataluña;09;128901;30750;3079;5797;16625;1304;154;0.05;105;111
2020-09-18;Ceuta;18;441;27;6;9;79;6;1;0.04;1;0
2020-09-18;Comunidad Valenciana;10;34370;7424;880;1541;9844;560;75;0.05;76;65
2020-09-18;Extremadura;11;8166;2034;168;544;3451;139;23;0.04;19;12
2020-09-18;Galicia;12;18593;3692;401;702;4237;255;32;0.03;56;28
2020-09-18;Madrid;13;187045;46616;3778;8999;17589;3411;403;0.22;433;366
2020-09-18;Melilla;19;664;77;8;4;1;15;4;0.08;3;2
2020-09-18;Murcia;14;13371;1650;243;193;2970;307;65;0.09;49;40
2020-09-18;Navarra;15;14205;2514;177;553;3077;152;19;0.08;29;11
2020-09-18;País Vasco;16;39430;7256;580;1749;8514;509;63;0.11;61;95
2020-09-18;La Rioja;17;7333;1723;109;393;832;89;22;0.12;8;4
2020-09-21;Andalucía;01;50600;8863;985;1690;10599;1156;159;0.07;116;59
2020-09-21;Aragón;02;33427;5022;405;1335;2995;484;64;0.12;34;21
2020-09-21;Asturias;03;4627;1230;144;341;3926;53;11;0.02;8;2
2020-09-21;Baleares;04;12636;1657;224;277;3572;350;67;0.12;18;8
2020-09-21;Canarias;05;12027;1702;322;214;5514;257;57;0.05;21;13
2020-09-21;Cantabria;06;6315;1282;99;232;1623;79;11;0.05;6;5
2020-09-21;Castilla La Mancha;08;36380;9817;683;3071;4707;612;81;0.13;72;47
2020-09-21;Castilla y León;07;41019;10203;729;2948;7930;654;76;0.11;85;22
2020-09-21;Cataluña;09;132024;30801;3081;5802;13850;1261;159;0.05;124;63
2020-09-21;Ceuta;18;473;27;6;10;71;4;1;0.03;0;0
2020-09-21;Comunidad Valenciana;10;35249;7494;886;1550;7794;743;87;0.07;81;17
2020-09-21;Extremadura;11;8959;2098;170;549;3202;170;24;0.05;21;4
2020-09-21;Galicia;12;19428;3765;411;718;5674;256;32;0.03;30;6
2020-09-21;Madrid;13;199036;46898;3777;9023;22348;3849;412;0.25;308;180
2020-09-21;Melilla;19;734;80;8;4;-;15;3;0.08;3;2
2020-09-21;Murcia;14;14946;1676;246;193;3493;311;64;0.09;57;27
2020-09-21;Navarra;15;15080;2559;183;556;2797;170;21;0.09;25;14
2020-09-21;País Vasco;16;40776;7363;600;1751;8922;521;67;0.11;37;25
2020-09-21;La Rioja;17;7732;1732;109;399;1729;86;21;0.11;6;4
2020-09-22;Andalucía;01;52175;9003;994;1702;9582;1123;156;0.0689;110;41;0.1026
2020-09-22;Aragón;02;33742;5035;405;1335;1068;484;64;0.1203;34;21;0.3249
2020-09-22;Asturias;03;4695;1235;145;342;1346;53;11;0.0169;8;2;0.0453
2020-09-22;Baleares;04;12849;1694;226;279;2269;350;67;0.1183;18;8;0.2343
2020-09-22;Canarias;05;12193;1722;325;216;6923;165;27;0.0481;19;3;0.0915
2020-09-22;Cantabria;06;6366;1285;99;232;799;72;11;0.0514;4;2;0.1038
2020-09-22;Castilla La Mancha;08;37162;9835;686;3075;3666;548;66;0.1323;63;29;0.2316
2020-09-22;Castilla y León;07;41743;10258;733;2965;6173;656;76;0.1108;78;20;0.2368
2020-09-22;Cataluña;09;132700;30850;3085;5808;8839;1219;161;0.0530;114;54;0.1513
2020-09-22;Ceuta;18;482;27;6;10;79;4;1;0.0256;0;0;0.1429
2020-09-22;Comunidad Valenciana;10;36139;7561;893;1553;7349;742;88;0.0661;90;14;0.0879
2020-09-22;Extremadura;11;9149;2126;172;550;2298;160;23;0.0610;17;4;0.1456
2020-09-22;Galicia;12;19621;3789;412;720;4921;256;32;0.0315;30;6;0.0448
2020-09-22;Madrid;13;202688;47077;3781;9129;17672;3779;398;0.2552;281;161;0.3628
2020-09-22;Melilla;19;758;81;8;4;-;15;3;0.0847;3;2;0.2500
2020-09-22;Murcia;14;15457;1710;248;195;3881;230;52;0.0873;25;14;0.1851
2020-09-22;Navarra;15;15453;2572;183;561;2398;176;25;0.0960;14;11;0.2119
2020-09-22;País Vasco;16;41133;7403;601;1824;8474;511;66;0.1241;35;20;0.2300
2020-09-22;La Rioja;17;7762;1745;110;404;899;86;21;0.1203;6;4;0.5676
2020-09-23;Andalucía;01;53725;9116;1001;1714;8064;1117;157;0.0679;179;130;0.1024
2020-09-23;Aragón;02;34005;5046;405;1360;1467;512;62;0.1276;58;59;0.3147
2020-09-23;Asturias;03;4772;1239;147;342;-;62;13;0.0198;14;5;0.0535
2020-09-23;Baleares;04;12989;1749;250;285;1668;296;68;0.1003;15;37;0.2403
2020-09-23;Canarias;05;12350;1734;331;218;2377;250;61;0.0512;12;18;0.1470
2020-09-23;Cantabria;06;6433;1288;99;232;788;65;9;0.0464;6;7;0.0849
2020-09-23;Castilla La Mancha;08;38035;9856;686;3080;2289;640;82;0.1386;76;65;0.2343
2020-09-23;Castilla y León;07;42378;10334;741;2970;3865;664;80;0.1099;83;82;0.2319
2020-09-23;Cataluña;09;133751;30896;3090;5823;5806;1284;158;0.0527;116;151;0.1446
2020-09-23;Ceuta;18;503;30;7;10;34;9;3;0.0563;4;0;0.4286
2020-09-23;Comunidad Valenciana;10;36796;7638;900;1566;4064;545;80;0.0482;82;72;0.0795
2020-09-23;Extremadura;11;9370;2152;174;557;1944;181;20;0.0580;19;14;0.0985
2020-09-23;Galicia;12;19930;3815;416;721;3893;248;33;0.0306;38;31;0.0462
2020-09-23;Madrid;13;206418;47224;3785;9161;14313;3813;436;0.2493;504;446;0.3828
2020-09-23;Melilla;19;795;87;9;4;134;16;3;0.0904;3;2;0.2500
2020-09-23;Murcia;14;16040;1753;254;197;2137;293;58;0.0832;54;44;0.1476
2020-09-23;Navarra;15;15884;2594;185;562;2618;183;25;0.0981;32;26;0.2033
2020-09-23;País Vasco;16;41531;7476;604;1825;6592;487;67;0.1057;54;67;0.2127
2020-09-23;La Rioja;17;7851;1759;111;407;911;90;21;0.1160;13;10;0.4038
2020-09-24;Andalucía;01;53725;9116;1001;1714;9014;1146;159;0.0697;145;102;0.1037
2020-09-24;Aragón;02;34274;5108;410;1360;3070;471;61;0.1173;47;55;0.3096
2020-09-24;Asturias;03;4874;1244;147;342;-;61;13;0.0195;8;3;0.0535
2020-09-24;Baleares;04;13154;1768;255;286;2819;473;69;0.1598;23;24;0.2456
2020-09-24;Canarias;05;12487;1754;336;218;3128;243;62;0.0498;17;19;0.1490
2020-09-24;Cantabria;06;6499;1290;99;232;1524;57;9;0.0407;8;12;0.0849
2020-09-24;Castilla La Mancha;08;39068;9882;689;3093;3101;637;83;0.1380;67;76;0.2378
2020-09-24;Castilla y León;07;43285;10411;751;2988;5103;690;89;0.1126;110;74;0.2565
2020-09-24;Cataluña;09;134825;30964;3097;5824;15468;1254;151;0.0521;104;134;0.1418
2020-09-24;Ceuta;18;510;37;7;10;92;12;3;0.0750;3;0;0.4286
2020-09-24;Comunidad Valenciana;10;37502;7700;906;1574;7173;526;76;0.0475;70;55;0.0765
2020-09-24;Extremadura;11;9563;2181;176;562;3163;198;25;0.0634;32;13;0.1232
2020-09-24;Galicia;12;20014;3823;417;723;3969;248;31;0.0306;40;28;0.0434
2020-09-24;Madrid;13;210768;47288;3787;9190;17778;3968;443;0.2614;486;425;0.3893
2020-09-24;Melilla;19;824;88;9;4;49;16;3;0.0904;0;2;0.2500
2020-09-24;Murcia;14;16595;1813;258;200;2413;288;59;0.0817;59;49;0.1497
2020-09-24;Navarra;15;16234;2611;185;562;3765;187;24;0.1002;18;14;0.2017
2020-09-24;País Vasco;16;42047;7630;613;1828;7511;480;64;0.1044;64;78;0.2038
2020-09-24;La Rioja;17;7961;1769;112;408;468;86;21;0.1103;9;14;0.3750
2020-09-25;Andalucía;01;56615;9331;1017;1744;710;1253;164;0.0762;205;108;0.1068
2020-09-25;Aragón;02;34722;5123;411;1360;2192;458;61;0.1140;54;55;0.3096
2020-09-25;Asturias;03;4964;1260;147;343;3222;67;11;0.0214;17;7;0.0453
2020-09-25;Baleares;04;13309;1776;261;287;3266;292;70;0.0984;17;13;0.2491
2020-09-25;Canarias;05;12762;1774;340;220;4558;257;61;0.0521;22;18;0.1452
2020-09-25;Cantabria;06;6568;1293;99;233;1522;60;6;0.0429;8;10;0.0566
2020-09-25;Castilla La Mancha;08;39954;9911;689;3111;4121;660;85;0.1429;79;62;0.2436
2020-09-25;Castilla y León;07;44353;10475;757;2994;7050;718;90;0.1177;102;77;0.2632
2020-09-25;Cataluña;09;135469;31020;3109;5829;20326;1313;150;0.0307;97;89;0.1380
2020-09-25;Ceuta;18;528;37;7;10;84;12;3;0.0710;0;0;0.1765
2020-09-25;Comunidad Valenciana;10;38112;7750;914;1583;9734;542;81;0.0479;65;53;0.0803
2020-09-25;Extremadura;11;9890;2202;181;564;3071;207;27;0.0663;23;10;0.1330
2020-09-25;Galicia;12;20420;3857;419;726;5735;253;32;0.0312;31;22;0.0448
2020-09-25;Madrid;13;213709;47471;3797;9213;20118;3873;455;0.2543;490;423;0.4012
2020-09-25;Melilla;19;860;89;9;4;139;16;3;0.0904;1;1;0.2500
2020-09-25;Murcia;14;17109;1838;262;201;3819;282;58;0.0801;59;46;0.1480
2020-09-25;Navarra;15;16572;2630;188;563;3694;187;26;0.1003;28;26;0.2185
2020-09-25;País Vasco;16;42464;7706;619;1838;-;470;61;0.1029;51;73;0.1943
2020-09-25;La Rioja;17;7961;1774;112;409;998;86;21;0.1103;9;14;0.3750
2020-09-28;Andalucía;01;59873;9559;1030;1780;-;1237;175;0.0762;125;42;0.1162
2020-09-28;Aragón;02;35849;5157;413;1360;2751;480;66;0.1194;33;16;0.3333
2020-09-28;Asturias;03;5268;1279;149;344;3576;71;14;0.0225;8;1;0.0576
2020-09-28;Baleares;04;13619;1811;265;289;3363;297;65;0.1009;17;8;0.2313
2020-09-28;Canarias;05;13243;1824;352;232;3543;257;67;0.0521;21;8;0.1469
2020-09-28;Cantabria;06;6700;1301;100;234;1435;66;9;0.0423;4;0;0.0783
2020-09-28;Castilla La Mancha;08;41527;9950;691;3135;4683;670;85;0.1448;58;21;0.2450
2020-09-28;Castilla y León;07;46459;10612;766;3020;8110;817;101;0.1330;98;26;0.2845
2020-09-28;Cataluña;09;138652;31134;3125;5835;16688;1303;152;0.0551;88;56;0.1404
2020-09-28;Ceuta;18;569;37;7;10;89;15;4;0.0857;1;0;0.2353
2020-09-28;Comunidad Valenciana;10;39171;7827;923;1587;7612;533;79;0.0474;65;15;0.0792
2020-09-28;Extremadura;11;10357;2243;183;570;3033;230;27;0.0736;15;2;0.1357
2020-09-28;Galicia;12;21017;3903;427;733;6555;246;30;0.0305;29;9;0.0421
2020-09-28;Madrid;13;227158;47695;3806;9246;27179;3841;469;0.2596;275;177;0.4118
2020-09-28;Melilla;19;953;91;9;4;134;16;2;0.0904;1;0;0.1667
2020-09-28;Murcia;14;18273;1904;267;202;3292;317;71;0.0900;70;24;0.1802
2020-09-28;Navarra;15;17575;2668;191;569;3588;196;29;0.1052;11;8;0.2458
2020-09-28;País Vasco;16;43668;7831;632;1848;8251;479;64;0.1060;34;7;0.2065
2020-09-28;La Rioja;17;8335;1788;112;413;1430;76;20;0.0974;2;2;0.3571
2020-09-29;Andalucía;01;61279;9645;1044;1805;12671;1230;173;0.0759;149;138;0.1150
2020-09-29;Aragón;02;36090;5166;413;1360;1419;463;63;0.1154;48;48;0.3182
2020-09-29;Asturias;03;5335;1286;150;344;3148;75;17;0.0238;18;5;0.0700
2020-09-29;Baleares;04;13708;1820;265;291;2636;276;60;0.0939;8;29;0.2135
2020-09-29;Canarias;05;13321;1837;354;232;3916;255;67;0.0521;18;20;0.1611
2020-09-29;Cantabria;06;6773;1303;100;234;893;64;10;0.0411;12;7;0.0870
2020-09-29;Castilla La Mancha;08;42478;9988;691;3152;3929;626;80;0.1354;69;99;0.2292
2020-09-29;Castilla y León;07;47305;10724;774;3032;6177;805;106;0.1327;97;96;0.3136
2020-09-29;Cataluña;09;139164;31222;3140;5837;7867;1364;155;0.0567;109;163;0.1423
2020-09-29;Ceuta;18;589;37;7;10;97;16;5;0.0914;2;0;0.2941
2020-09-29;Comunidad Valenciana;10;40071;7889;930;1595;6151;501;83;0.0445;69;81;0.0813
2020-09-29;Extremadura;11;10496;2251;184;574;2150;218;29;0.0695;17;12;0.1457
2020-09-29;Galicia;12;21138;3921;429;734;5616;248;30;0.0306;29;22;0.0420
2020-09-29;Madrid;13;230386;47913;3819;9353;21094;3775;484;0.2492;427;499;0.4187
2020-09-29;Melilla;19;964;94;9;4;145;15;2;0.0847;1;2;0.1667
2020-09-29;Murcia;14;18712;1945;280;211;3369;294;70;0.0830;53;53;0.1777
2020-09-29;Navarra;15;17908;2686;193;571;3349;185;26;0.0989;21;22;0.2203
2020-09-29;País Vasco;16;44000;7989;581;1860;8938;463;56;0.1008;57;80;0.1783
2020-09-29;La Rioja;17;8455;1798;114;415;1217;68;19;0.0872;5;13;0.3393
2020-09-30;Andalucía;01;62421;9733;1048;1827;6140;1220;183;0.0742;162;157;0.1196
2020-09-30;Aragón;02;36409;5175;413;1360;1516;418;61;0.1040;34;60;0.3081
2020-09-30;Asturias;03;5401;1296;150;346;1704;72;16;0.0229;18;11;0.0658
2020-09-30;Baleares;04;13858;1847;266;297;1242;254;56;0.0856;10;30;0.1993
2020-09-30;Canarias;05;13485;1855;357;232;2464;265;63;0.0542;22;15;0.1522
2020-09-30;Cantabria;06;6806;1305;100;235;675;63;11;0.0404;8;7;0.0957
2020-09-30;Castilla La Mancha;08;43172;10061;698;3178;2514;628;84;0.1358;63;63;0.2407
2020-09-30;Castilla y León;07;47849;10797;779;3053;2902;805;112;0.1311;108;89;0.3191
2020-09-30;Cataluña;09;140115;31272;3142;5838;5330;1513;157;0.0623;114;121;0.1435
2020-09-30;Ceuta;18;601;37;7;10;32;16;5;0.0920;0;0;0.2941
2020-09-30;Comunidad Valenciana;10;40686;7948;939;1600;2896;472;78;0.0417;67;55;0.0773
2020-09-30;Extremadura;11;10676;2269;184;577;1552;203;28;0.0648;9;13;0.1407
2020-09-30;Galicia;12;21191;3927;429;739;4218;236;30;0.0291;31;24;0.0420
2020-09-30;Madrid;13;235196;48145;3829;9409;18229;3683;487;0.2422;433;498;0.4170
2020-09-30;Melilla;19;999;95;9;4;124;11;2;0.0621;0;4;0.1667
2020-09-30;Murcia;14;19207;1984;287;213;2610;287;70;0.0815;64;54;0.1777
2020-09-30;Navarra;15;18175;2707;194;573;3160;174;23;0.0912;18;27;0.1797
2020-09-30;País Vasco;16;44420;8066;660;1883;5490;459;55;0.1000;67;77;0.1763
2020-09-30;La Rioja;17;8521;1810;115;417;1778;76;18;0.0974;13;5;0.3214
2020-10-01;Andalucía;01;63766;9815;1060;1845;10931;1169;186;0.0712;147;158;0.1227
2020-10-01;Aragón;02;36704;5339;424;1411;2954;429;63;0.1058;58;35;0.3182
2020-10-01;Asturias;03;5512;1300;150;349;2758;66;14;0.0208;12;12;0.0576
2020-10-01;Baleares;04;14005;1852;270;299;2357;247;55;0.0824;17;23;0.1957
2020-10-01;Canarias;05;13676;1870;361;232;2476;248;63;0.0503;21;21;0.1514
2020-10-01;Cantabria;06;6850;1307;100;235;1403;60;12;0.0385;13;7;0.1043
2020-10-01;Castilla La Mancha;08;43714;10097;699;3196;3125;622;91;0.1342;77;87;0.2600
2020-10-01;Castilla y León;07;48664;10870;791;3064;4851;810;106;0.1311;116;103;0.2920
2020-10-01;Cataluña;09;140416;31314;3147;5847;17169;1324;158;0.0542;134;150;0.1442
2020-10-01;Ceuta;18;623;37;7;10;101;16;5;0.0904;0;0;0.2941
2020-10-01;Comunidad Valenciana;10;41248;7999;946;1607;5389;455;76;0.0400;63;43;0.0746
2020-10-01;Extremadura;11;10853;2277;184;581;3104;202;30;0.0657;15;14;0.1523
2020-10-01;Galicia;12;21463;3960;435;746;4775;252;33;0.0310;43;20;0.0462
2020-10-01;Madrid;13;238423;48316;3841;9450;15717;3622;497;0.2366;397;417;0.4212
2020-10-01;Melilla;19;1035;95;9;4;25;12;2;0.0678;4;3;0.1667
2020-10-01;Murcia;14;19736;2022;294;215;2038;290;71;0.0823;61;41;0.1802
2020-10-01;Navarra;15;18409;2719;194;574;3376;200;26;0.0961;28;26;0.2016
2020-10-01;País Vasco;16;44878;8140;666;1889;6586;459;55;0.1002;64;62;0.1752
2020-10-01;La Rioja;17;8632;1826;116;419;1290;76;18;0.0974;10;11;0.3214
2020-10-02;Andalucía;01;65340;9913;1071;1867;16098;1158;185;0.0705;163;142;0.1215
2020-10-02;Aragón;02;37071;5350;424;1411;3152;420;60;0.1031;55;57;0.3030
2020-10-02;Asturias;03;5588;1313;150;349;3570;75;17;0.0237;20;3;0.0700
2020-10-02;Baleares;04;14181;1861;272;300;3786;240;51;0.0796;17;18;0.1815
2020-10-02;Canarias;05;13880;1893;362;236;3599;251;56;0.0506;18;21;0.1333
2020-10-02;Cantabria;06;6888;1310;100;235;1547;61;11;0.0391;11;9;0.0957
2020-10-02;Castilla La Mancha;08;44632;10147;704;3211;4834;600;90;0.1280;62;62;0.2426
2020-10-02;Castilla y León;07;49638;10962;799;3076;7975;789;106;0.1269;89;76;0.2920
2020-10-02;Cataluña;09;142464;31396;3156;5851;9057;1363;166;0.0555;136;126;0.1505
2020-10-02;Ceuta;18;642;37;7;10;87;18;5;0.1011;2;0;0.2941
2020-10-02;Comunidad Valenciana;10;41839;8043;949;1613;9266;451;75;0.0396;59;51;0.0738
2020-10-02;Extremadura;11;11014;2288;184;590;3624;186;33;0.0592;11;14;0.1480
2020-10-02;Galicia;12;21675;3978;436;748;6035;239;33;0.0294;28;22;0.0462
2020-10-02;Madrid;13;240959;48484;3851;9473;18263;3561;513;0.2290;381;423;0.4261
2020-10-02;Melilla;19;1069;95;9;5;-;11;2;0.0621;1;2;0.1667
2020-10-02;Murcia;14;20152;2048;297;218;3639;288;63;0.0812;50;28;0.1587
2020-10-02;Navarra;15;18758;2737;196;578;3206;186;27;0.0899;26;42;0.2093
2020-10-02;País Vasco;16;45426;8226;669;1894;8950;451;56;0.0982;57;65;0.1755
2020-10-02;La Rioja;17;8716;1836;117;421;1487;24;17;0.0308;7;9;0.3036
2020-10-05;Andalucía;01;66865;9982;1080;1885;13128;1227;173;0.0747;121;46;0.1133
2020-10-05;Aragón;02;37393;5364;425;1411;3273;450;64;0.1103;37;11;0.3232
2020-10-05;Asturias;03;5917;1343;151;350;3278;106;20;0.0335;20;4;0.0823
2020-10-05;Baleares;04;14478;1870;275;304;3038;210;51;0.0689;5;6;0.1802
2020-10-05;Canarias;05;14271;1941;371;237;3776;281;56;0.0570;23;4;0.1343
2020-10-05;Cantabria;06;7045;1315;100;237;1448;46;13;0.0320;8;4;0.1215
2020-10-05;Castilla La Mancha;08;45612;10223;714;3220;4770;656;92;0.1400;67;20;0.2493
2020-10-05;Castilla y León;07;51603;11095;809;3108;7623;857;119;0.1391;75;13;0.3420
2020-10-05;Cataluña;09;148015;31472;3161;5853;18826;1408;174;0.0587;113;62;0.1604
2020-10-05;Ceuta;18;682;47;10;11;90;19;5;0.1086;3;0;0.2941
2020-10-05;Comunidad Valenciana;10;42969;8099;957;1617;6800;534;69;0.0494;49;21;0.0703
2020-10-05;Extremadura;11;11448;2309;186;600;3259;190;30;0.0604;10;3;0.1345
2020-10-05;Galicia;12;22385;4026;441;758;6629;253;39;0.0312;31;8;0.0548
2020-10-05;Madrid;13;247575;48710;3858;9502;20880;3625;506;0.2323;212;130;0.4154
2020-10-05;Melilla;19;1130;99;9;5;--;17;2;0.0960;5;0;0.1667
2020-10-05;Murcia;14;21100;2117;302;223;3353;312;69;0.0881;48;26;0.1756
2020-10-05;Navarra;15;19587;2802;198;583;2975;225;24;0.1076;25;7;0.1860
2020-10-05;País Vasco;16;46405;8327;668;1896;7894;453;59;0.1006;33;17;0.1947
2020-10-05;La Rioja;17;8932;1856;121;425;1111;80;15;0.0929;6;8;0.2632
2020-10-06;Andalucía;01;68514;10097;1096;1933;11781;1223;167;0.0745;171;150;0.1094
2020-10-06;Aragón;02;37679;5367;426;1411;1639;418;62;0.1008;38;52;0.2375
2020-10-06;Asturias;03;6002;1350;151;350;2406;106;21;0.0332;17;9;0.0864
2020-10-06;Baleares;04;14573;1882;276;309;1720;217;43;0.0709;19;14;0.1547
2020-10-06;Canarias;05;14347;1951;373;239;3881;286;60;0.0580;17;11;0.1439
2020-10-06;Cantabria;06;7082;1316;100;237;791;53;9;0.0340;12;9;0.0783
2020-10-06;Castilla La Mancha;08;46583;10262;717;3225;3695;629;93;0.1342;70;91;0.2514
2020-10-06;Castilla y León;07;52263;11203;814;3129;4710;841;117;0.1325;102;78;0.2903
2020-10-06;Cataluña;09;148867;31507;3162;5858;8288;1420;181;0.0584;123;110;0.1654
2020-10-06;Ceuta;18;696;47;11;11;74;18;5;0.1011;1;1;0.2941
2020-10-06;Comunidad Valenciana;10;43558;8158;961;1623;5178;464;70;0.0425;76;70;0.0714
2020-10-06;Extremadura;11;11612;2315;185;608;2186;170;25;0.0539;14;15;0.1121
2020-10-06;Galicia;12;22548;4044;443;766;6398;247;34;0.0310;43;30;0.0497
2020-10-06;Madrid;13;252762;49070;3883;9628;13953;3483;494;0.2232;317;452;0.4053
2020-10-06;Melilla;19;1162;99;9;5;--;18;2;0.1017;2;1;0.1667
2020-10-06;Murcia;14;21518;2147;311;223;3384;345;66;0.0971;45;42;0.1688
2020-10-06;Navarra;15;19881;2824;204;600;3192;206;24;0.0981;25;33;0.1860
2020-10-06;País Vasco;16;46762;8374;663;1906;7631;472;56;0.1012;62;57;0.1806
2020-10-06;La Rioja;17;9001;1867;122;425;907;80;15;0.0930;8;13;0.2500
2020-10-07;Andalucía;01;70560;10195;1101;1941;7333;1183;164;0.0721;165;162;0.1081
2020-10-07;Aragón;02;38088;5378;426;1411;1353;418;60;0.1021;56;44;0.3015
2020-10-07;Asturias;03;6121;1358;152;351;2326;116;21;0.0363;14;9;0.0864
2020-10-07;Baleares;04;14717;1900;277;310;1322;205;43;0.0668;6;14;0.1547
2020-10-07;Canarias;05;14463;1964;378;239;2904;270;65;0.0547;19;28;0.1559
2020-10-07;Cantabria;06;7124;1317;100;237;621;50;9;0.0321;6;3;0.0783
2020-10-07;Castilla La Mancha;08;47139;10305;720;3235;1859;601;94;0.1281;71;84;0.2500
2020-10-07;Castilla y León;07;52959;11291;821;3149;3457;848;127;0.1318;111;88;0.2960
2020-10-07;Cataluña;09;150438;31558;3169;5861;5858;1394;181;0.0569;133;261;0.1629
2020-10-07;Ceuta;18;717;48;11;11;25;16;5;0.0914;0;2;0.2941
2020-10-07;Comunidad Valenciana;10;43938;8201;964;1634;2516;494;69;0.0435;85;56;0.0685
2020-10-07;Extremadura;11;11839;2331;186;617;1467;173;30;0.0550;19;9;0.1345
2020-10-07;Galicia;12;22765;4061;446;768;5587;242;37;0.0299;36;24;0.0520
2020-10-07;Madrid;13;255615;49212;3890;9634;4891;3490;498;0.2213;369;437;0.4036
2020-10-07;Melilla;19;1182;100;9;6;48;19;1;0.1073;4;3;0.0833
2020-10-07;Murcia;14;22171;2194;316;224;2615;361;68;0.1015;68;47;0.1722
2020-10-07;Navarra;15;20144;2851;204;603;2686;228;25;0.1085;49;34;0.1938
2020-10-07;País Vasco;16;46811;8374;663;1906;4897;474;54;0.1013;77;82;0.1742
2020-10-07;La Rioja;17;9110;1876;123;425;604;80;17;0.0930;11;7;0.2833
